ingredient,scientific_name,description,who_should_avoid,category,strength
Alpha-Glucan Oligosaccharide,,"Prebiotics offer benefits such as:

- Help maintain a balanced and healthy skin microbiome by promoting the growth of beneficial bacteria.

- Support the skin's natural defences against harmful microorganisms, contributing to overall skin health.

- Enhance the skin's barrier function, reducing moisture loss and improving hydration.

- Can have a calming effect on the skin, helping to soothe and alleviate inflammation and irritation.","[' ', 'Related Allergy']",,
Aloe Vera,,"Aloe vera offers multiple benefits for the skin. It helps to soothe and calm irritated or sunburned skin, reducing redness and discomfort. Aloe vera also provides hydration and moisture, promoting a plump and healthy-looking complexion. Additionally, it contains antioxidants that help protect the skin against environmental damage and premature aging.","[' ', 'Related Allergy']",,
Allantoin,,"Allantoin is a calming, anti-inflammatory, and hydrating ingredient which promotes wound healing by stimulating fibroblasts in the dermis.","[' ', 'Related Allergy']",,
Algin,,"In skincare products, it is used for its excellent water-binding properties to impart hydration and plumpness to the skin. In cosmetic product formulation, it is used as a thickening agent to improve the texture and viscosity of formulations.","[' ', 'Related Allergy']",,
Algae Extract,,"Algae extracts are multifunctional ingredients, providing hydrating, soothing, and antioxidant benefits. They also act as thickening and water-binding agents in formulations.","[' ', 'Related Allergy']",,
Algae Exopolysaccharides,,"In skincare, they are are used to protect from external stressors such as UV and free radicals, as well as provide hydration due to their humectant structure.","[' ', 'Related Allergy']",,
Alaria Esculenta Extract,,"Provides soothing, hydrating, firming and antioxidant benefits.","[' ', 'Related Allergy']",,
Alanine,,It can help to support water transport between skin cells to keep our surface smooth and hydrated.,"[' ', 'Related Allergy']",,
Ahnfeltia Concinna Extract,,"Provides soothing and antioxidant products to the skin, and increases the viscosity of formulations.","[' ', 'Related Allergy']",,
Adenosine,,"Provides soothing and skin-restoring properties, and studies indicate potential for anti-ageing and wrinkle improvement.","[' ', 'Related Allergy']",,
Acetyl Tyrosinamide,,Acetyl Tyrosinamide is used in skincare to treat fine lines and wrinkles and support the skin's elasticity.,"[' ', 'Related Allergy']",,
Acetyl Tetrapeptide,,"Acetyl Tetrapeptide is used in skincare to treat fine lines, wrinkles and improve the skin's elasticity.","[' ', 'Related Allergy']",,
Acetyl Glucosamine,,"Acetyl Glucosamine is used in skincare to treat red and sensitive skin with hyperpigmentation, and for those who are looking to treat fine lines and wrinkles.","[' ', 'Related Allergy']",,
Acetylarginyltryptophyl Diphenylglycine,,"Acetylarginyltryptophyl Diphenylglycine  is used in skincare to treat fine lines, wrinkles and improve the skin's elasticity.","[' ', 'Related Allergy']",,
Acai Extract,,"Provide antioxidant benefits to the skin, fighting free radical damage and preventing premature ageing from the damage.","[' ', 'Related Allergy']",,
Ascorbic Acid,,"Ascorbic acid is a powerhouse ingredient with evidence for collagen synthesis so can help make the skin firmer, helps with hyperpigmentation, dark spots, and uneven skin tone and is great for preventing damage from the sun by neutralising free radicals.

Since ascorbic acid is already in the active form needed by the skin, no conversion is necessary, and if stabilised is highly potent.","[' ', 'Related Allergy', ' ', 'Sensitive', ' ', 'Dry Dehydrated', ' ', 'Impaired skin barrier']",,
Ascophyllum Nodosum Extract,,Can help attract water to the upper layer of the skin and might have some antioxidant effect,"[' ', 'Related Allergy']",,
Arginine PCA,,"Helps to protect the skin from free radicals, improve the appearance of hydration, and support collagen production.","[' ', 'Related Allergy']",,
Arginine/Lysine Polypeptide,,Helps to preserve the skins natural collagen and elastin by offsetting substances within skin that cause both to degrade over time.,"[' ', 'Related Allergy']",,
Arginine HCL,,"Helps to protect the skin from free radicals, improve the appearance of hydration, and support collagen production.","[' ', 'Related Allergy']",,
Arginine,,"Great for dry and Dehydrated skin, Arginine is an antioxidant with helps smooth the surface of our skin and treats fine lines.","[' ', 'Related Allergy']",,
Argan Oil,,"Argan oil offers multiple benefits for the skin. It helps to moisturise and soften the skin, protect the skin against environmental damage and soothes and calms the skin.","[' ', 'Related Allergy', ' ', 'Oily']",,
Arbutin,,"Arbutin offers multiple benefits for the skin. It is known for its skin-lightening properties, as it can inhibit the enzyme involved in melanin production, thereby helping to reduce the appearance of dark spots, hyperpigmentation, and uneven skin tone. Arbutin can also contribute to a more radiant and luminous complexion.","[' ', 'Pregnancy']",,
Aquagenium,,"The complex claims to:
- Aims to increase the water retention capacity of the skin.
- Strengthens the skin's moisture barrier and prevent dehydration.
- May also support the skin's water circulation mechanisms which could increase water balance in the skin","[' ', 'Related Allergy']",,
Apple Stem Cells,,"Apple stem cells offer potential benefits for the skin: 
- Believed to have anti-aging properties and may help stimulate the renewal and vitality of skin cells. 
- Protect against environmental stressors, and enhance the skin's natural defense mechanisms. 
- May contribute to improved skin texture and a more youthful appearance.","[' ', 'Related Allergy']",,
,Euterpe Oleracea Fruit Extract,,[],,
Apple Polyphenols,,"Apple polyphenols offer multiple benefits for the skin:

- Possess potent antioxidant properties, helping to neutralize  free radicals and prevent oxidative stress.
- Have anti-inflammatory effects, which can soothe and calm the skin, reducing redness and irritation.
- Assist in promoting a more even skin tone and enhancing the overall radiance of the complexion.","[' ', 'Related Allergy']",,
Apple Extract,,"Apple extract offers multiple benefits for the skin:
- Provides antioxidant protection, helping to neutralize free radicals and prevent oxidative damage. 
- Nourish and revitalize the skin, promoting a healthier and more youthful appearance.
- Help in improving hydration and enhancing the overall condition of the skin.","[' ', 'Related Allergy']",,
Anti-Ageing Peptides,,"They can help stimulate collagen production, improving skin elasticity and reducing the appearance of fine lines and wrinkles, promote skin firmness and smoothness, enhance overall texture and tone, and protect against environmental damage.","[' ', 'Related Allergy']",,
Amino Acids,,"Amino acids provide numerous benefits for the skin. They help to support collagen synthesis, promoting skin elasticity and firmness. Amino acids also assist in maintaining the skin's natural moisture barrier, improving hydration levels and preventing moisture loss. Additionally, they aid in skin repair processes, assisting with cell turnover and rejuvenation.","[' ', 'Related Allergy']",,
Alteromonas Ferment Extract,,"In skincare products, it is used for its excellent water-binding properties to impart hydration and plumpness to the skin. In cosmetic product formulation, it is used as a thickening agent to improve the texture and viscosity of formulations.","[' ', 'Related Allergy']",,
Bifida Ferment Lysate,,"Probiotics offer benefits such as:
- Help maintain a balanced and healthy skin microbiome by supporting the growth of beneficial bacteria.

- Strengthen the skin's natural defense against harmful bacteria, reducing the risk of skin issues like acne and inflammation.

- Enhance the skin's barrier function, improving its resilience and protection against environmental stressors.

- Have soothing properties, helping to calm and alleviate skin irritation and redness.","[' ', 'Related Allergy']",,
Beta Glucan,,"Beta glucan offers multiple benefits to the skin. It has excellent hydrating properties, improves skin barrier function and is able to reduce the appearance of redness and inflammation.","[' ', 'Related Allergy']",,
Bakuchiol,,Bakuchiol is thought to offer multiple benefits. It can improve skin firmness and treat fine lines whilst it also has antioxidant benefits to prevent from free radical damage.,"[' ', 'Related Allergy']",,
Azelaoyl Bis-Dipeptide,,"Azelaoyl Bis-dipeptide is used in skincare to treat fine lines, wrinkles and improve the skin's elasticity.","[' ', 'Related Allergy', ' ', 'Gluten Allery']",,
Azelaic Acid,,"Azelaic acid has antibacterial properties making it a good supplementary ingredient in the treatment of acne. It has anti-inflammatory properties making it a very effective treatment for rosacea, redness, and acne inflammation, and It has mild exfoliating properties and interferes with the melanin production process in the skin making it an effective ingredient for brightening and evening out the skin.","[' ', 'Gluten Allery']",,
Avocado Oil,,"Avocado oil moisturises and nourishes the skin, protects against damage and free radicals and calms irritated skin.","[' ', 'Related Allergy', ' ', 'Oily']",,
Avocado Ferment,,"Avocado ferment is rich in vitamins, minerals, and fatty acids, which help nourish and moisturize the skin. It contains antioxidants that can protect the skin against environmental damage and it also improves the skin's texture, leaving it feeling soft, supple, and revitalised.","[' ', 'Related Allergy']",,
Avene Thermal Water,,"Avène Thermal Water offers multiple benefits including immediate soothing and calming of any skin irritation, redness and sensitivity.
It can reinforce the skin barrier and promotes wound healing.","[' ', 'Related Allergy']",,
Asparagopsis Armata Extract,,"It's an antioxidant that protects, soothes and hydrates. It has great anti-ageing properties.","[' ', 'Related Allergy']",,
Ascorbyl Palmitate,,It is used in skin products to smooth and improve the health of the skin.,"[' ', 'Related Allergy', ' ', 'Impaired skin barrier']",,
Ascorbyl Glucoside,,It is used in skin care to brighten the skin and improve the signs of aging.,"[' ', 'Related Allergy', ' ', 'Impaired skin barrier']",,
Caffeine,,"Caffeine energizes the skin and helps reduce the appearance of fatigue or tiredness. It provides a temporary tightening effect, improving the appearance of sagging or loose skin. It may help reduce the appearance of puffiness or swelling, particularly around the eyes. It even offers potential antioxidant benefits, protecting the skin against free radicals and environmental stressors.","[' ', 'Related Allergy']",,
Caffeic Acid,,"Caffeic acid provides antioxidant protection, helping to neutralize free radicals and prevent oxidative damage to the skin. It calms redness and irritation and may contribute to skin brightening and evening out the complexion by potentially inhibiting the production of melanin.","[' ', 'Related Allergy']",,
Cabbage Leaf Extract,,"Cabbage leaf extract provides antioxidant protection, helping to neutralize free radicals and protect the skin from environmental damage.
- Offers potential soothing and calming effects on the skin, reducing redness and inflammation.
- Contains vitamins and minerals that can nourish and hydrate the skin, promoting a healthy complexion.
- May contribute to skin conditioning, leaving the skin feeling soft, smooth, and refreshed.","[' ', 'Related Allergy']",,
Butyl Methoxydibenzoylmethane,,"Butyl Methoxydibenzoylmethane protects against the entire UVA range, 310-400 nm, making it a great ingredient to work in combination with other, more widely available, UVB filters. The problem with this is that is degrades very quickly in the presence of sunlight, and part of the reason for the guidance to reapply sunscreen every 2 hours.","[' ', 'Pregnancy', ' ', 'Sensitive']",,
Blue Mallow Extract,,"Blue mallow extract offers multiple benefits including:


- Offers hydrating properties, helping to moisturize and soften the skin.


- Prevents and treats free radical damage from pollution and the sun","[' ', 'Related Allergy']",,
Blue Lotus Extract,,"Blue lotus extract provides antioxidant protection, helping to combat free radicals and protect the skin from environmental damage.

It has soothing and calming effects, reducing skin redness, irritation, and inflammation, whilst it offers moisturising properties, helping to hydrate and nourish the skin. It may contribute to a more even skin tone and promote a radiant complexion.","[' ', 'Related Allergy']",,
Blueberry Extract,,"Blueberry extract provides powerful antioxidant protection, helping to neutralize free radicals and protect the skin from environmental damage.

It enhances the overall health and appearance of the skin, contributing to a radiant and youthful complexion and can help soothe and calm the skin, reducing redness.","[' ', 'Related Allergy']",,
Bilberry Extract,,"Bilberry extract provides antioxidant protection, helping to combat free radicals and environmental damage. It contains natural acids that may contribute to gentle exfoliation, promoting a smoother complexion, and potentially offers soothing and anti-inflammatory effects, reducing redness and irritation.","[' ', 'Related Allergy']",,
Bis-Ethylhexyloxyphenol Methoxyphenyl Triazine,,"Bis-Ethylhexyloxyphenol Methoxyphenyl Triazine works by absorbing UVB light in the outer layers of the epidermis, then converting it into heat (to neutralise the energy which can lead to cell damage), and scattering it away from the body.

It is very photostable, so does not degrade in the presence of sunlight, unlike some other UV filters on the market. It has also been shown to improve the UV stability of other more sensitive filters, when used in combination.

Everyone, especially darker skinned individuals looking for dark skin friendly sun protection.","[' ', 'Pregnancy', ' ', 'Sensitive']",,
Bisabolol,,"Bisabolol is a multifunctional ingredients that soothes and calms the skin, reducing redness, inflammation, and irritation. It enhances the skin's natural healing process, promoting skin repair and regeneration, helps to improve the penetration of other skincare ingredients, boosting their effectiveness and provides moisturising and skin-conditioning properties, leaving the skin feeling soft and smooth.","[' ', 'Related Allergy']",,
Bio-Active Glucosides,,"Bio-active glucosides improve the efficacy and stability of bioactive ingredients in skincare products. It can enhance the delivery and penetration of active compounds into the skin. Bio-active glucosides provide targeted benefits such as antioxidant, anti-inflammatory, or brightening effects depending on the specific bioactive compound.","[' ', 'Related Allergy']",,
Chondrus Crispus,,Helps to moisturise the skin with some benefits including the treatment of wrinkles and fine lines.,"[' ', 'Related Allergy']",,
Cholesterol,,"Essential lipids offer benefits such as:
- Help strengthen the skin's natural barrier, improving its ability to retain moisture and nutrients.
- Support skin cell cohesion, promoting a smooth and even skin texture.
- Protect the skin from external irritants, pollutants, and allergens.
- Contribute to the skin's resilience and overall health, helping to prevent dryness and sensitivity.","[' ', 'Related Allergy']",,
Chlorophyll,,"Chlorophyll offers benefits such as:
- Provides potential antioxidant benefits, helping to neutralize free radicals and protect the skin from oxidative stress.
- May contribute to skin soothing and calming effects, reducing redness and irritation.","[' ', 'Related Allergy']",,
Chlorella Vulgaris Extract,,"Chlorella vulgaris extract has been shown to stimulate collagen synthesis/production.  Collagen is responsible for the strength, elasticity, smoothness and plump appearance of healthy skin.","[' ', 'Related Allergy']",,
Chamomile Extract,,"Chamomile extract provides soothing and calming effects on the skin, reducing redness, irritation, and inflammation. It exhibits potential antioxidant properties, helping to neutralize free radicals and protect the skin from environmental damage and can help promote a more even complexion and brighten the skin tone.","[' ', 'Related Allergy']",,
Chlorella Protothecoides Oil,,"In skin care products, Chlorella vulgaris extract has been shown to stimulate collagen synthesis. Collagen is responsible for the strength, elasticity, smoothness and plump appearance of healthy skin.","[' ', 'Related Allergy']",,
Ceramides,,"Ceramides help strengthen the skin's barrier, improving its ability to retain moisture and keep irritants out. They support the skin's natural repair and regeneration processes and contribute to a smoother, softer, and more supple skin texture. They can also help soothe and calm dry, irritated, or sensitive skin.","[' ', 'Related Allergy']",,
Chlorella Protothecoides,,Softens and smoothes the skin whilst the antioxidants help to avoid the harmful effects of external factors on the skin,"[' ', 'Related Allergy']",,
Chemical UV Filters,,"Chemical UV filters offer benefits such as:
- Provide broad-spectrum protection against both UVA and UVB rays, safeguarding the skin from sunburn, premature aging, and skin cancer.
- Offer a lightweight and transparent texture, making them suitable for various sunscreen formulations.
- Help to prevent the breakdown of collagen and elastin in the skin caused by UV exposure, preserving skin elasticity and firmness.
- Easily blend into the skin, reducing the appearance of white cast commonly associated with some mineral UV filters.","[' ', 'Related Allergy', ' ', 'Pregnancy']",,
Caprooyl Sphingosine,,"Essential lipids offer benefits such as:
- Help strengthen the skin's natural barrier, improving its ability to retain moisture and nutrients.
- Support skin cell cohesion, promoting a smooth and even skin texture.
- Protect the skin from external irritants, pollutants, and allergens.
- Contribute to the skin's resilience and overall health, helping to prevent dryness and sensitivity.","[' ', 'Related Allergy']",,
Centella Asiatica,,"It supports wound healing as well as providing anti-ageing benefits. It has also been shown to stimulate the production of hyaluronic acid in the skin, another molecule whose production slows with age, but is essential for keeping skin looking hydrated, plump & youthful.

Centella Asiatica (or Gotu Kola or Tiger grass) is a family of ingredients. It can also be known as asiatic acid, asiaticoside, madecassic acid and madecassoside.","[' ', 'Related Allergy']",,
Carnosine,,"Carnosine offers antioxidant benefits to protects from damage to the skin. It can help prevent or minimise the formation of advanced glycation end products (AGEs), which contribute to skin aging. It also supports the skin's natural repair processes, promoting a healthier and more youthful appearance and offers potential skin-conditioning benefits, contributing to improved texture and hydration.","[' ', 'Related Allergy']",,
Caprooyl Phytosphingosine,,"Essential lipids offer benefits such as:
- Help strengthen the skin's natural barrier, improving its ability to retain moisture and nutrients.
- Support skin cell cohesion, promoting a smooth and even skin texture.
- Protect the skin from external irritants, pollutants, and allergens.
- Contribute to the skin's resilience and overall health, helping to prevent dryness and sensitivity.","[' ', 'Related Allergy']",,
Ectoin,,"Ectoin offers benefits such as:
- Provides exceptional hydration, helping to lock in moisture and prevent water loss from the skin.
- Exhibits potent anti-inflammatory effects, assisting in soothing and calming irritated or sensitive skin.
- Offers protective properties against environmental stressors, such as UV radiation and pollution.
- Can enhance the skin's resilience and barrier function, promoting a healthier and more balanced complexion.","[' ', 'Related Allergy']",,
Dunaliella Salina (Green Algae) Extract,,"It is a great anti-inflammatory, and anti aging active ingredient.","[' ', 'Related Allergy']",,
Dioic Acid,,"Dioic acid offers benefits such as:
- Helps regulate sebum production, making it beneficial for individuals with oily or acne-prone skin.
- Assists in reducing the appearance of enlarged pores, contributing to a smoother skin texture.
- Offers potential anti-inflammatory effects, helping to calm redness and irritation associated with acne.
- May improve overall skin clarity and tone, promoting a more even complexion.","[' ', 'Related Allergy']",,
Cucumber Extract,,"Cucumber extract offers benefits such as:
- Provides excellent hydration, helping to moisturize and refresh the skin.
- Offers soothing and calming effects, making it beneficial for irritated or sensitive skin.
- Contains antioxidant properties, assisting in neutralizing free radicals and protecting the skin from environmental damage.
- Can improve the skin's overall texture, leaving it feeling soft and supple.","[' ', 'Related Allergy']",,
Dipeptide Diaminobutyroyl Benzylamide Diacetate,,"Used in skincare to treat fine lines, wrinkles and improve the skin's elasticity.","[' ', 'Related Allergy']",,
Dipeptide,,"Used in skincare to treat fine lines, wrinkles and improve the skin's elasticity.","[' ', 'Related Allergy']",,
Copper Peptide,,"Copper peptide offers benefits such as:
- Supports skin rejuvenation and anti-aging efforts by promoting collagen production and increasing skin elasticity.
- Provides antioxidant benefits, helping to protect the skin from free radicals and oxidative damage.
- Assists in wound healing and tissue repair, making it beneficial for post-inflammatory hyperpigmentation and scar reduction.
- Can enhance the skin's overall texture and tone, promoting a smoother and more youthful appearance.","[' ', 'Related Allergy']",,
Copper Palmitoyl Heptapeptide,,"Used in skincare to treat fine lines, wrinkles and improve the skin's elasticity.","[' ', 'Related Allergy']",,
Copper Heptapeptide-14 Pantothenate,,"Used in skincare to treat fine lines, wrinkles and improve the skin's elasticity.","[' ', 'Related Allergy']",,
Coffee Seed Extract,,"Coffee seed extract offers benefits such as:
- Provides antioxidant protection, helping to neutralize free radicals and reduce oxidative stress on the skin.
- Exhibits potential anti-inflammatory effects, assisting in soothing and calming the skin.
- Contains caffeine, which may help improve circulation and temporarily reduce the appearance of puffiness.
- Offers potential skin-energizing benefits, contributing to a refreshed and awakened complexion.","[' ', 'Related Allergy']",,
Citric Acid,,"Citric acid offers benefits such as:
- At higher concentrations, it provides exfoliating benefits, helping to remove dead skin cells and promote a smoother, more radiant complexion.
- Assists in adjusting the pH level of skincare products, ensuring their effectiveness and compatibility with the skin's natural pH.","[' ', 'Related Allergy']",,
Cinnamon Bark,,"Cinnamon bark extract offers benefits such as:
- Provides antioxidant benefits, helping to neutralize free radicals and protect the skin from oxidative damage.
- Exhibits potential antimicrobial properties
- May offer soothing effects, helping to reduce redness and irritation.","[' ', 'Related Allergy']",,
Fomes Of?cinalis (Mushroom) Extract,,"It helps even your skins tone and firmness, and it drastically helps to clear pores and minimise the visible appearance of skin suffering from excess sebum secretion.","[' ', 'Related Allergy']",,
Ginkgo Biloba,,"Ginkgo biloba offers benefits such as:
- Provides antioxidant benefits, helping to neutralize free radicals and reduce oxidative stress on the skin.
- Exhibits potential anti-inflammatory effects, assisting in calming redness and irritation.
- Supports the skin's natural defense against environmental stressors, such as UV radiation and pollution.
- May help improve overall skin tone and texture, promoting a more radiant complexion.","[' ', 'Related Allergy']",,
Fructooligosaccharides,,"Prebiotics offer benefits such as:
- Help maintain a balanced and healthy skin microbiome by promoting the growth of beneficial bacteria.
- Support the skin's natural defenses against harmful microorganisms, contributing to overall skin health.
- Enhance the skin's barrier function, reducing moisture loss and improving hydration.
- Can have a calming effect on the skin, helping to soothe and alleviate inflammation and irritation.","[' ', 'Related Allergy']",,
Feverfew Extract,,"Feverfew extract offers benefits such as:
- Exhibits potential anti-inflammatory effects, helping to calm redness and irritation on the skin.
- Assists in soothing sensitive or reactive skin, making it beneficial for those with skin conditions like rosacea or eczema.
- Provides antioxidant benefits, helping to neutralize free radicals and protect the skin from environmental damage.
- Can enhance the overall appearance of the skin, promoting a more even and balanced complexion.","[' ', 'Related Allergy']",,
Ferulic Acid,,"Ferulic acid offers benefits such as:
- Provides powerful antioxidant benefits, helping to neutralize free radicals and reduce oxidative stress on the skin.
- Enhances the stability and effectiveness of other antioxidants, maximizing their protective capabilities.
- May help protect the skin from UV-induced damage, although it is not a substitute for sunscreen.
- Assists in promoting a more even skin tone and reducing the appearance of hyperpigmentation.","[' ', 'Related Allergy']",,
Ethylhexyl Triazone,,"Ethylhexyl Triazone offers SPF protection via absorbing UVB light in the outer layers of the epidermis, then converting it into heat (to neutralise the energy which can lead to cell damage), and scattering it away from the body. It is an oil soluble, odourless and colourless powder that works well in fragrance-free formulations.","[' ', 'Pregnancy', ' ', 'Sensitive']",,
Ferric Hexapeptide,,"Used in skincare to treat fine lines, wrinkles and improve the skin's elasticity.","[' ', 'Related Allergy']",,
Fernblock,,"FernBlock offers benefits such as:
- Provides antioxidant benefits, helping to neutralize free radicals and reduce oxidative stress on the skin.
- Thought to support hyaluronic acid production in the skin, assisting in promoting plump skin and smoothing fine lines.","[' ', 'Related Allergy']",,
Evening Primrose Oil,,"Evening primrose oil offers benefits such as:
- Provides excellent moisturization, helping to nourish and hydrate the skin.
- Exhibits potential anti-inflammatory effects, assisting in calming redness and irritation.
- Supports the skin's natural barrier function, promoting a smoother and more supple complexion.
- Can be beneficial for skin conditions like eczema and dermatitis due to its hydrating and soothing properties.","[' ', 'Related Allergy']",,
Essential Lipids,,"Essential lipids offer benefits such as:
- Help strengthen the skin's natural barrier, improving its ability to retain moisture and nutrients.
- Support skin cell cohesion, promoting a smooth and even skin texture.
- Protect the skin from external irritants, pollutants, and allergens.
- Contribute to the skin's resilience and overall health, helping to prevent dryness and sensitivity.","[' ', 'Related Allergy']",,
Endothelyol,,"Endothelyol offers benefits such as:
- Reduces Redness: Endothelyol helps to visibly reduce redness and inflammation in the skin, making it ideal for individuals with sensitive or reactive skin types.
- Anti-Inflammatory: It possesses potent anti-inflammatory properties, helping to soothe and calm irritated skin, minimizing discomfort and sensitivity.","[' ', 'Related Allergy']",,
Ethylhexyl Salicylate,,"Ethylhexyl Salicylate protects against UVB rays (280-320 nm) with a peak absorbance at 306 nm. It's not a strong filter in itself, it's always used in combination with other sunscreen agents to further enhance the SPF and to solubilise other solid UV filters.","[' ', 'Pregnancy', ' ', 'Sensitive']",,
Ethyl Ascorbic Acid,,"It is used in skincare to brighten, treat wrinkles, firm the skin, fade hyperpigmentation and offset numerous triggers of environmental damage.","[' ', 'Related Allergy', ' ', 'Impaired skin barrier']",,
Green Tea,,"Green tea  offers benefits such as:
- Provides potent antioxidant benefits, helping to neutralize free radicals and protect the skin from oxidative damage.
- Exhibits potential anti-inflammatory effects, assisting in calming redness and irritation on the skin.
- Can help soothe and alleviate skin conditions like acne and rosacea.
- Supports overall skin health and can contribute to a more radiant and even complexion.","[' ', 'Related Allergy']",,
Glycosphingolipids,,"Essential lipids offer benefits such as:
- Help strengthen the skin's natural barrier, improving its ability to retain moisture and nutrients.
- Support skin cell cohesion, promoting a smooth and even skin texture.
- Protect the skin from external irritants, pollutants, and allergens.
- Contribute to the skin's resilience and overall health, helping to prevent dryness and sensitivity.","[' ', 'Related Allergy']",,
Glycoproteins,,"Essential lipids offer benefits such as:
- Help strengthen the skin's natural barrier, improving its ability to retain moisture and nutrients.
- Support skin cell cohesion, promoting a smooth and even skin texture.
- Protect the skin from external irritants, pollutants, and allergens.
- Contribute to the skin's resilience and overall health, helping to prevent dryness and sensitivity.","[' ', 'Related Allergy']",,
Glycolipids,,"Essential lipids offer benefits such as:
- Help strengthen the skin's natural barrier, improving It's ability to retain moisture and nutrients.
- Support skin cell cohesion, promoting a smooth and even skin texture.
- Protect the skin from external irritants, pollutants, and allergens.
- Contribute to the skin's resilience and overall health, helping to prevent dryness and sensitivity.","[' ', 'Related Allergy']",,
Golden-Eye Grass Complex,,"Golden eye grass complex offers benefits such as:
- Provides antioxidant benefits, neutralising free radicals and preventing damage from environmental stressors.
- Improves skin barrier function.","[' ', 'Related Allergy']",,
Glycolic Acid,,"Glycolic acid offers benefits such as:
- Provides chemical exfoliation by dissolving dead skin cells on the skin's surface, promoting a smoother and more even skin texture.
- Assists in improving the appearance of fine lines, wrinkles, and hyperpigmentation by stimulating collagen production and skin cell turnover.
- Can help unclog pores and reduce the occurrence of acne and blackheads.
- Enhances the absorption and effectiveness of other skincare ingredients in products applied afterward.","[' ', 'Related Allergy', ' ', 'Sensitive', ' ', 'Impaired skin barrier']",,
Glycine,,"Glycine can improve the visible signs of aging, moisture retention, collagen production and regeneration.","[' ', 'Related Allergy']",,
Glyceryl Glucoside,,"Glyceryl glucoside offers benefits such as:
- Provides effective hydration by attracting and binding moisture to the skin, helping to keep it plump and moisturized.
- Supports the skin's natural barrier function, preventing water loss and improving its ability to retain moisture.
- Assists in improving the skin's elasticity and overall texture, leaving it soft and supple.
- Can enhance the spreadability and texture of skincare products, making them easier to apply and absorb.","[' ', 'Related Allergy']",,
Gluconolactone,,"PHAs offer benefits such as:
- Exfoliate the skin's surface, helping to remove dead skin cells and improve skin texture.
- Promote skin renewal and cell turnover, leading to a brighter and more even complexion.
- Provide hydration to the skin by attracting moisture, making them suitable for dry and sensitive skin types.
- Help enhance the skin's natural barrier function, improving its resilience and protection against environmental stressors.","[' ', 'Related Allergy']",,
EGCG,,"EGCG offers benefits such as:
- Provides powerful antioxidant benefits, helping to combat free radicals and reduce oxidative stress on the skin.
- Exhibits potential anti-inflammatory effects, assisting in calming redness and irritation.
- Can protect the skin from UV-induced damage, although it is not a substitute for sunscreen.
- May have a role in supporting collagen production, contributing to improved skin elasticity.","[' ', 'Related Allergy']",,
Indian Gooseberry,,"Indian gooseberry offers benefits such as:
- Provides potent antioxidant benefits, helping to neutralize free radicals and protect the skin from environmental damage.
- Assists in brightening the complexion by reducing the appearance of dark spots and hyperpigmentation.
- Can help improve overall skin texture and promote a more youthful appearance.","[' ', 'Related Allergy']",,
Hydroxypinacolone Retinoate,,"This ingredient is an antioxidant that stimulates collagen production, treating fine lines, wrinkles and a reduction of elasticity in the skin which can naturally come with aging.  It exfoliates the skin, unclogging  pores, helping treat acne and blemishes and improving the overall appearance of the skin making it smooth and supple. ","[' ', 'Pregnancy', ' ', 'Sensitive', ' ', 'Impaired skin barrier']",,
Hydrolyzed Pumpkin Seedcake,,"Hydrolyzed pumpkin seedcake offers benefits such as:
- Provides antioxidant benefits, helping to neutralize free radicals and protect the skin from oxidative damage.
- Offers moisturizing properties, assisting in keeping the skin hydrated and reducing water loss.
- Can support the skin's natural barrier function, contributing to improved skin elasticity and texture.
- Contains skin-nourishing properties, promoting overall skin health and a more radiant complexion.","[' ', 'Related Allergy']",,
Hydrolyzed F-Fucoidan,,Hydrolyzed f-fucoidan's antioxidant properties protects the skin from harmful effects of external factors on the skin.,"[' ', 'Related Allergy']",,
Homosalate,,"As with other synthetic UV filters, it works by absorbing UVB light in the outer layers of the epidermis, then converting it into heat (to neutralise the energy which can lead to cell damage), and scattering it away from the body. It is a liquid and is excellent for dissolving other hard to solubilise powder sunscreen agents, such as Avobenzone.","[' ', 'Pregnancy', ' ', 'Sensitive']",,
Humectants,,"Humectants offer benefits such as:
- Provide hydration to the skin by attracting water and holding it on the skin's surface.
- Improve the skin's moisture retention abilities, helping to prevent dryness and maintain a healthy moisture balance.
- Enhance the effectiveness of other skincare ingredients by promoting better absorption and penetration into the skin.
- Can be used in various formulations to improve product texture and spreadability.","[' ', 'Related Allergy']",,
Hibiscus Fruit Extract,,"Hibiscus fruit extract exhibits antioxidant properties, helping to neutralize free radicals and protect the skin from oxidative damage.","[' ', 'Related Allergy']",,
Horse Chestnut,,"Horse chestnut offers benefits such as:
- Exhibits anti-inflammatory properties, assisting in calming redness and irritation on the skin.
- Can help constrict blood vessels, making it beneficial for products targeting the appearance of spider veins or varicose veins.
- Exhibits antioxidant properties which help to prevent and treat environmental damage.","[' ', 'Related Allergy']",,
Heptapeptide-15 Palmitate,,"Used in skincare to treat fine lines, wrinkles and improve the skin's elasticity.","[' ', 'Related Allergy']",,
Guarana Extract,,"Guarana extract offers benefits such as:
- Provides an energizing effect when applied topically, making it beneficial for products targeting tired or dull-looking skin.
- Exhibits antioxidant properties, helping to neutralize free radicals and protect the skin from oxidative damage.
- Assists in improving the appearance of skin.","[' ', 'Related Allergy']",,
Histidine,,"Rich in antioxidant properties, histidine can provide protection to the skin from any harm caused by free radicals your skin comes into contact throughout the day.","[' ', 'Related Allergy']",,
Lecithin,,"Essential lipids offer benefits such as:
- Help strengthen the skin's natural barrier, improving its ability to retain moisture and nutrients.
- Support skin cell cohesion, promoting a smooth and even skin texture.
- Protect the skin from external irritants, pollutants, and allergens.
- Contribute to the skin's resilience and overall health, helping to prevent dryness and sensitivity.","[' ', 'Related Allergy']",,
L-Carnitine,,"L-Carnitine offers benefits such as:
- Provides antioxidant benefits, helping to neutralize free radicals and protect the skin from environmental stressors.
- Assists in promoting skin renewal, contributing to a more rejuvenated and refreshed appearance.
- Can help soothe and calm irritated or sensitive skin, making it suitable for skincare products designed to address redness or inflammation.
- Supports overall skin health, contributing to a more balanced and radiant complexion.","[' ', 'Related Allergy']",,
Lactobionic Acid,,"PHAs offer benefits such as:
- Exfoliate the skin's surface, helping to remove dead skin cells and improve skin texture.
- Promote skin renewal and cell turnover, leading to a brighter and more even complexion.
- Provide hydration to the skin by attracting moisture, making them suitable for dry and sensitive skin types.
- Help enhance the skin's natural barrier function, improving its resilience and protection against environmental stressors.","[' ', 'Related Allergy']",,
L-Ascorbic Acid,,"It is used in skincare to brighten, treat wrinkles, firm the skin, fade hyperpigmentation and offset numerous triggers of environmental damage.","[' ', 'Related Allergy', ' ', 'Sensitive', ' ', 'Dry Dehydrated', ' ', 'Impaired skin barrier']",,
Laminaria Ochroleuca (Kelp) Extract,,"Laminaria Ochroleuca Extract offers anti-ageing benefits, partly due to antioxidant content","[' ', 'Related Allergy']",,
Lactococcus Ferment Lysate,,"Probiotics offer benefits such as:
- Help maintain a balanced and healthy skin microbiome by supporting the growth of beneficial bacteria.
- Strengthen the skin's natural defense against harmful bacteria, reducing the risk of skin issues like acne and inflammation.
- Enhance the skin's barrier function, improving its resilience and protection against environmental stressors.
- Have soothing properties, helping to calm and alleviate skin irritation and redness.","[' ', 'Related Allergy']",,
Lactic Acid,,"Lactic acid offers benefits such as:
- Acts as an exfoliant, helping to remove dead skin cells from the skin's surface, promoting a smoother and more even skin texture.
- Supports the skin's natural moisture retention, providing hydration and improving the skin's barrier function.
- Assists in reducing the appearance of fine lines, wrinkles, and hyperpigmentation.
- Can help brighten the complexion, revealing a more radiant and youthful appearance.","[' ', 'Related Allergy', ' ', 'Sensitive', ' ', 'Impaired skin barrier']",,
Lactobacillus Ferment,,"Probiotics offer benefits such as:
- Help maintain a balanced and healthy skin microbiome by supporting the growth of beneficial bacteria.
- Strengthen the skin's natural defense against harmful bacteria, reducing the risk of skin issues like acne and inflammation.
- Enhance the skin's barrier function, improving It's resilience and protection against environmental stressors.
- Have soothing properties, helping to calm and alleviate skin irritation and redness.","[' ', 'Related Allergy']",,
Lactobacillus Extract Filtrate,,"Prebiotics offer benefits such as:
- Help maintain a balanced and healthy skin microbiome by promoting the growth of beneficial bacteria.
- Support the skin's natural defenses against harmful microorganisms, contributing to overall skin health.
- Enhance the skin's barrier function, reducing moisture loss and improving hydration.
- Can have a calming effect on the skin, helping to soothe and alleviate inflammation and irritation.","[' ', 'Related Allergy']",,
Jojoba Oil,,"Jojoba oil offers benefits such as:
- Provides excellent moisturization by forming a protective barrier on the skin, preventing water loss and maintaining skin hydration.
- Assists in balancing the skin's natural oil production, making it suitable for both dry and oily skin types.
- Contains skin-nourishing properties, delivering essential fatty acids and vitamins to support overall skin health.","[' ', 'Related Allergy']",,
Kola Seed Extract,,"Kpla seed extract offers benefits such as:
- Provides antioxidant benefits, helping to neutralize free radicals and protect the skin from environmental damage.","[' ', 'Related Allergy']",,
Jeju Green Tea Water,,"Jeju green tea water offers benefits such as:
- Provides antioxidant benefits, helping to combat free radicals and protect the skin from environmental stressors.
- Assists in soothing and calming the skin, reducing redness and irritation.
- Offers lightweight hydration to the skin, maintaining moisture balance and promoting a refreshed appearance.
- Can contribute to a more radiant and revitalized complexion.","[' ', 'Related Allergy']",,
Kojic Acid,,"Kojic acid offers benefits such as:

- Acts as a skin-brightening agent, helping to fade dark spots, age spots, and other forms of hyperpigmentation.
- Supports an even skin tone, making it beneficial for individuals with sun damage or post-inflammatory hyperpigmentation.
- May enhance the effectiveness of other skin-lightening ingredients when used in combination.","[' ', 'Related Allergy']",,
Isoleucine,,Helps support the skin barrier and protect against external aggressors. It's great for Dehydrated skin and helping to skin feel smooth and supple.,"[' ', 'Related Allergy']",,
Jojoba Beads,,"Jojoba beads offer benefits such as:
- Provide gentle exfoliation by effectively removing dead skin cells, impurities, and excess oil from the skin's surface.
- Promote a smoother and more even skin texture, revealing a fresh and radiant complexion.","[' ', 'Related Allergy']",,
Macrocystis Pyrifera (Kelp) Extract,,"Macrocystis pyrifera extract's primary value in skin care comes from its antioxidant properties. It is great for Anti-Aging, Soothing, Hydration.","[' ', 'Related Allergy']",,
Magnesium Sulfate,,"Magnesium sulfate offers benefits such as:
- Provides soothing benefits, helping to calm and relieve muscle soreness and tension when used in baths or soak treatments.
- Acts as a gentle exfoliant, aiding in the removal of dead skin cells and promoting a smoother skin texture.","[' ', 'Related Allergy']",,
Magnesium Ascorbyl Phosphate,,Used to help brighten the skin and treat fine lines and wrinkles. It is a gentler ingredients than some of the other ingredients in the class of Vitamin C and can help those who are more sensitive.,"[' ', 'Related Allergy', ' ', 'Impaired skin barrier']",,
Lysine,,"Lysine will soothe redness, treat fine lines, wrinkles and promote elasticity in the skin. ","[' ', 'Related Allergy']",,
Lily Extract,,"Lily extract offers benefits such as:
- Provides soothing benefits, helping to calm and reduce redness or irritation in the skin.
- Assists in maintaining skin hydration, contributing to a more supple and moisturized complexion.
- Provides antioxidant benefits to prevent and treat environmental damage.","[' ', 'Related Allergy']",,
Luffa Cylindrica Extract,,"Luffa cylindrica extract offers benefits such as:
- Provides gentle exfoliation, helping to remove dead skin cells, dirt, and impurities from the skin's surface.
- Can help improve skin texture and promote a smoother, more refined appearance.","[' ', 'Related Allergy']",,
Linolenic Acid,,"Essential lipids offer benefits such as:
- Help strengthen the skin's natural barrier, improving It's ability to retain moisture and nutrients.
- Support skin cell cohesion, promoting a smooth and even skin texture.
- Protect the skin from external irritants, pollutants, and allergens.
- Contribute to the skin's resilience and overall health, helping to prevent dryness and sensitivity.","[' ', 'Related Allergy']",,
Linoleic Acid,,"Essential lipids offer benefits such as:
- Help strengthen the skin's natural barrier, improving It's ability to retain moisture and nutrients.
- Support skin cell cohesion, promoting a smooth and even skin texture.
- Protect the skin from external irritants, pollutants, and allergens.
- Contribute to the skin's resilience and overall health, helping to prevent dryness and sensitivity.","[' ', 'Related Allergy']",,
Leucine,,This anti-aging amino acid is found to help regenerate and its antioxidant properties help protect the skin in the process.,"[' ', 'Related Allergy']",,
Licorice Extract,,"Licorice root extract offers benefits such as:
- Provides anti-inflammatory benefits, helping to calm and reduce redness or irritation in the skin.
- Acts as a skin-brightening agent, helping to fade dark spots, hyperpigmentation, and even out the skin tone.
- Can help soothe and alleviate sensitive or reactive skin.
- Supports overall skin health, contributing to a more balanced and rejuvenated complexion.","[' ', 'Related Allergy']",,
Natural Moisturising Factors,,"NMFs offer benefits such as:
- Provide essential hydration to the skin, attracting and retaining moisture from the environment.
- Help maintain the skin's barrier function, preventing excessive water loss and protecting against external irritants.
- Contribute to the suppleness and smoothness of the skin's surface.
- Play a vital role in the overall health and appearance of the skin.","[' ', 'Related Allergy']",,
Licochalcone A,,"Licochalcone A offers benefits such as:
- Acts as an antioxidant, protecting the skin from oxidative stress caused by free radicals.
- Can help improve the appearance of uneven skin tone and reduce redness or discoloration.
- Supports overall skin health, contributing to a more balanced and radiant complexion.","[' ', 'Related Allergy']",,
Naringenin Chalcone,,"Naringenin Chalcone offers benefits such as:
- Provides antioxidant benefits, helping to neutralize free radicals and protect the skin from environmental damage.
- Acts as an anti-inflammatory agent, helping to soothe and calm irritated or inflamed skin.
- Can help improve the appearance of uneven skin tone and promote a brighter complexion.","[' ', 'Related Allergy']",,
Myristoyl Nonapeptide,,"Used in skincare to treat fine lines, wrinkles and improve the skin's elasticity.","[' ', 'Related Allergy']",,
Myristol Pentapeptide,,"Used in skincare to treat fine lines, wrinkles and improve the skin's elasticity.","[' ', 'Related Allergy']",,
Milk Thistle Extract,,"Milk thistle extract offers benefits such as:
- Provides antioxidant benefits, helping to neutralize free radicals and protect the skin from environmental damage.
- Acts as an anti-inflammatory agent, helping to soothe and calm irritated or inflamed skin.","[' ', 'Related Allergy']",,
Myristol Hexapeptide,,"Used in skincare to treat fine lines, wrinkles and improve the skin's elasticity.","[' ', 'Related Allergy']",,
Mushroom Extract,,"Mushroom extracts offer benefits such as:
- Provide anti-inflammatory benefits, helping to soothe and calm irritated or sensitive skin.
- Act as antioxidants, protecting the skin from oxidative stress and environmental damage caused by free radicals.
- Can help improve the appearance of uneven skin tone and reduce redness or discoloration.","[' ', 'Related Allergy']",,
Moringa Seed Extract,,"Moringa seed extract offers benefits such as:
- Provides nourishment and hydration to the skin, helping to maintain its moisture balance.
- Acts as an antioxidant, protecting the skin from free radicals and environmental stressors.
- Can help improve the appearance of fine lines and wrinkles, contributing to a more youthful complexion.","[' ', 'Related Allergy']",,
Marshmallow Root,,"Marshmallow root offers benefits such as:
- Provides excellent hydration and moisture retention, helping to keep the skin soft and supple.
- Assists in soothing and calming irritated or inflamed skin, making it beneficial for sensitive or reactive skin types.
- Can help alleviate dryness and discomfort associated with skin conditions like eczema and psoriasis.","[' ', 'Related Allergy']",,
Mineral UV Filters,,"Mineral UV filters offer benefits such as:
- Provide broad-spectrum protection against UVA and UVB rays, effectively shielding the skin from sunburn and premature aging.
- Form a protective layer on the skin's surface, preventing UV rays from penetrating into the deeper layers of the skin.","[' ', 'May leave a white cast on darker skin']",,
Meadowfoam Seed Oil,,"Meadowfoam seed oil offers benefits such as:
- Provides superior and long-lasting moisturization, helping to lock in moisture and prevent water loss from the skin.
- Nourishes and softens the skin, leaving it feeling smooth and velvety.
- Assists in forming a protective barrier on the skin's surface, shielding it from environmental stressors and pollutants.
- Supports overall skin health, promoting a more radiant and healthy complexion.","[' ', 'Related Allergy']",,
Marine Extract,,"Marine extract has anti-aging properties that will help achieve a radiant and smooth surface, and healthy appearance. ","[' ', 'Related Allergy']",,
Mango Seed Butter,,"Mango seed butter offers benefits such as:
- Provides deep and long-lasting moisturization, helping to restore and maintain the skin's natural barrier function.
- Nourishes and softens the skin, leaving it feeling smooth and supple.
- Assists in improving skin elasticity, making it beneficial for mature or dry skin.","[' ', 'Related Allergy']",,
Palmitoyl Oligopeptide,,"Used in skincare to treat fine lines, wrinkles and improve the skin's elasticity.","[' ', 'Related Allergy']",,
Mandelic Acid,,"Mandelic acid offers benefits such as:
- Provides gentle exfoliation, helping to remove dead skin cells and promote a smoother and more even skin texture.
- Acts as a skin-brightening agent, helping to fade dark spots, hyperpigmentation, and improve skin tone.
- Can help improve the appearance of fine lines and wrinkles, contributing to a more youthful and plump complexion.","[' ', 'Related Allergy', ' ', 'Sensitive', ' ', 'Impaired skin barrier']",,
Palmitoyl Nonapeptide,,"Used in skincare to treat fine lines, wrinkles and improve the skin's elasticity.","[' ', 'Related Allergy']",,
Palmitoyl Pentapeptide,,"Used in skincare to treat fine lines, wrinkles and improve the skin's elasticity.","[' ', 'Related Allergy']",,
Palmitoyl Glycine,,"Palmitoyl glycine offers benefits such as:
- Promotes skin firmness and elasticity by stimulating the production of collagen and other skin-supporting proteins.
- Helps reduce the appearance of fine lines and wrinkles, contributing to a smoother and more youthful complexion.
- Soothes and calms irritated skin, helping to improve skin comfort and reduce redness.
- Supports the skin's natural renewal process, promoting a healthier and revitalized appearance.","[' ', 'Related Allergy']",,
Palmitoyl Heptapeptide,,"Used in skincare to treat fine lines, wrinkles and improve the skin's elasticity.","[' ', 'Related Allergy']",,
Octocrylene,,"As with other synthetic UV filters, it works by absorbing UVB light in the outer layers of the epidermis, then converting it into heat (to neutralise the energy which can lead to cell damage), and scattering it away from the body.","[' ', 'Pregnancy', ' ', 'Sensitive']",,
Palmitoyl Decapeptide,,"Used in skincare to treat fine lines, wrinkles and improve the skin's elasticity.","[' ', 'Related Allergy']",,
Oligopeptide,,"Used in skincare to treat fine lines, wrinkles and improve the skin's elasticity.","[' ', 'Related Allergy']",,
Padina Pavonica Thallus Extract,,"Shown to have anti-pollution effects, protecting skin against free radicals.","[' ', 'Related Allergy']",,
Oat Extract,,"Oat extract offers benefits such as:
- Soothes and calms irritated or sensitive skin, providing relief from itching and redness.
- Provides excellent hydration to the skin, helping to retain moisture and improve skin barrier function.
- Acts as an anti-inflammatory agent, reducing skin inflammation and promoting a more balanced complexion.","[' ', 'Related Allergy']",,
Octisalate,,"As with other synthetic UV filters, it works by absorbing UVB light in the outer layers of the epidermis, then converting it into heat (to neutralise the energy which can lead to cell damage), and scattering it away from the body.","[' ', 'Pregnancy', ' ', 'Sensitive']",,
Octinoxate,,"As with other synthetic UV filters, it works by absorbing UVB light in the outer layers of the epidermis, then converting it into heat (to neutralise the energy which can lead to cell damage), and scattering it away from the body. It is only able to block against wavelengths of UVB light (290-320 nm), so needs to be used in conjunction with other UVA filters in order to offer broad-spectrum sun protection.","[' ', 'Pregnancy', ' ', 'Sensitive']",,
Polyhydroxy Acids,,"PHAs offer benefits such as:
- Exfoliate the skin's surface, helping to remove dead skin cells and improve skin texture.
- Promote skin renewal and cell turnover, leading to a brighter and more even complexion.
- Provide hydration to the skin by attracting moisture, making them suitable for dry and sensitive skin types.
- Help enhance the skin's natural barrier function, improving its resilience and protection against environmental stressors.","[' ', 'Related Allergy']",,
Porphyridium Cruentum Extract,,Helps to moisturise the skin with some benefits including the treatment of wrinkles and fine lines.,"[' ', 'Related Allergy']",,
Polyporus Umbellatus (Mushroom) Extract,,"Polyporus umbellatus (mushroom) extract contains naturally occurring kojic acid, which is a known tyrosinase inhibitor. Tyrosinase in an enzyme involved in the production of melanin in our skin, so ingredients that can inhibit this enzyme, can in turn reduce the over-production of melanin and fade visible areas of hyperpigmentation. Polyporus umbellatus extract also has antioxidant properties to protect the skin from free radicals.","[' ', 'Related Allergy']",,
Phytic Acid,,"Phytic acid offers benefits such as:
- Acts as a gentle exfoliant, helping to remove dead skin cells and promote skin renewal.
- Has antioxidant properties, helping to neutralize free radicals and protect the skin from environmental damage.
- Can help improve the appearance of uneven skin tone and hyperpigmentation.
- Assists in enhancing the penetration of other skincare ingredients, making it a valuable addition to certain formulations.","[' ', 'Related Allergy']",,
Plankton Extract,,"It promotes elasticity in the skin, and cell regeneration. It hydrates the skin and is a great antioxidant to protect against free radicals and pollutants.","[' ', 'Related Allergy']",,
Perfluorodecalin,,"Perfluorodecalin offers benefits such as:
- Enhances oxygen delivery to the skin, promoting improved skin metabolism and overall skin health.
- Acts as an oxygen carrier, helping to increase oxygen levels in the skin and improve skin tissue oxygenation.
- Assists in the removal of carbon dioxide and other waste gases from the skin, promoting detoxification.
- Helps create a temporary plumping effect on the skin, reducing the appearance of fine lines and wrinkles.","[' ', 'Related Allergy']",,
Phytosphingosine,,"Essential lipids offer benefits such as:
- Help strengthen the skin's natural barrier, improving its ability to retain moisture and nutrients.
- Support skin cell cohesion, promoting a smooth and even skin texture.
- Protect the skin from external irritants, pollutants, and allergens.
- Contribute to the skin's resilience and overall health, helping to prevent dryness and sensitivity.","[' ', 'Related Allergy']",,
Phospholipids,,"Essential lipids offer benefits such as:
- Help strengthen the skin's natural barrier, improving It's ability to retain moisture and nutrients.
- Support skin cell cohesion, promoting a smooth and even skin texture.
- Protect the skin from external irritants, pollutants, and allergens.
- Contribute to the skin's resilience and overall health, helping to prevent dryness and sensitivity.","[' ', 'Related Allergy']",,
Palmitoyl  Tripeptide-1,,"Used in skincare to treat fine lines, wrinkles and improve the skin's elasticity.","[' ', 'Related Allergy']",,
Pentapeptide,,"On the skin, it has been shown to reduce signs of sensitisation, including visibly reducing redness.","[' ', 'Related Allergy']",,
Palmitoyl Tetrapeptide,,It works as a skin-restoring ingredient and is noted for its soothing ability since it can interrupt factors within skin that lead to signs of irritation (including from exposure to UVB light) and loss of firmness.,"[' ', 'Related Allergy']",,
Parachlorella Beijerinckii Exopolysaccharides,,"It promotes elasticity in the skin, and cell regeneration. It hydrates the skin and is a great antioxidant to protect against free radicals and pollutants.","[' ', 'Related Allergy']",,
Retinyl Retinoate,,"This ingredient is an antioxidant that stimulates collagen production, treating fine lines, wrinkles and a reduction of elasticity in the skin which can naturally come with aging.  It exfoliates the skin, unclogging  pores, helping treat acne and blemishes and improving the overall appearance of the skin making it smooth and supple.","[' ', 'Related Allergy', ' ', 'Pregnancy', ' ', 'Sensitive', ' ', 'Impaired skin barrier']",,
Palmitoyl Tripeptide,,Helps strengthen skins underlying supportive elements. Backed by research for minimizing the appearance of wrinkles.,"[' ', 'Related Allergy']",,
Neurophroline,,"Neurophroline offers benefits such as:
- Reduces the appearance of stress-induced skin aging, such as fine lines and wrinkles caused by daily stressors.
- Helps soothe and calm irritated or sensitive skin, improving skin comfort and reducing redness.
- Assists in restoring the skin's natural balance and resilience, enhancing its ability to cope with environmental stressors.
- Promotes a more radiant and rejuvenated complexion by combating the visible signs of stress.","[' ', 'Related Allergy']",,
Retinyl Propionate,,"This ingredient is an antioxidant that stimulates collagen production, treating fine lines, wrinkles and a reduction of elasticity in the skin which can naturally come with aging.  It exfoliates the skin, unclogging  pores, and improving the overall appearance of the skin making it smooth and supple.","[' ', 'Pregnancy', ' ', 'Sensitive', ' ', 'Impaired skin barrier']",,
Retinyl Palmitate,,"This ingredient is an antioxidant that stimulates collagen production, treating fine lines.","[' ', 'Pregnancy', ' ', 'Impaired skin barrier']",,
Retinol,,"This ingredient is an antioxidant that stimulates collagen production, treating fine lines, wrinkles and a reduction of elasticity in the skin which can naturally come with aging.  It exfoliates the skin, unclogging  pores, helping treat acne and blemishes and improving the overall appearance of the skin making it smooth and supple.","[' ', 'Pregnancy', ' ', 'Sensitive', ' ', 'Impaired skin barrier']",,
Resveratrol,,"Resveratrol offers benefits such as:
- Provides antioxidant protection, helping to neutralize free radicals and prevent premature aging of the skin.
- Assists in reducing the appearance of fine lines and wrinkles, contributing to a smoother and more youthful complexion.
- Can help improve skin firmness and elasticity, promoting a more resilient and lifted appearance.
- May soothe and calm irritated skin, contributing to a more comfortable and balanced complexion.","[' ', 'Related Allergy']",,
Red Algae,,"Red algae offers benefits such as:
- Provides excellent hydration to the skin, helping to improve moisture retention and skin barrier function.
- Contains antioxidants that protect the skin from free radical damage, contributing to overall skin health.
- Assists in soothing and calming irritated or sensitive skin, reducing redness and promoting a more comfortable complexion.
- Can enhance the appearance of skin firmness and elasticity, contributing to a more youthful look.","[' ', 'Related Allergy']",,
Quercetin,,"Quercetin offers benefits such as:
- Provides antioxidant protection, helping to prevent premature aging and maintain skin health.
- Reduces inflammation and calms irritated skin, making it beneficial for individuals with sensitive or reactive skin.
- Supports collagen production, contributing to improved skin elasticity and firmness.
- Helps brighten the skin and improve the appearance of uneven skin tone.","[' ', 'Related Allergy']",,
Pseudoalteromonas Exopolysaccharides,,Helps to moisturise the skin with some benefits including the treatment of wrinkles and fine lines.,"[' ', 'Related Allergy']",,
Proline,,"Helps to maintain firm, youthful skin through promoting collagen production and moisturising the skin.","[' ', 'Related Allergy']",,
Potassium Azeloyl Diglycinate,,"PAD offers benefits such as:
- Helps regulate sebum production, making it beneficial for oily and acne-prone skin.
- Brightens the skin and promotes a more even complexion by inhibiting the production of melanin.
- Assists in reducing the appearance of dark spots and hyperpigmentation, improving skin tone.
- Has skin-soothing properties, helping to calm and alleviate skin redness and irritation.","[' ', 'Related Allergy', ' ', 'Gluten Allery']",,
Probiotics,,"Probiotics offer benefits such as:
- Help maintain a balanced and healthy skin microbiome by supporting the growth of beneficial bacteria.
- Strengthen the skin's natural defense against harmful bacteria, reducing the risk of skin issues like acne and inflammation.
- Enhance the skin's barrier function, improving its resilience and protection against environmental stressors.
- Have soothing properties, helping to calm and alleviate skin irritation and redness.","[' ', 'Related Allergy']",,
Prickly Pear Extract,,"Prickly pear extract offers benefits such as:
- Provides deep hydration to the skin, helping to retain moisture and improve skin barrier function.
- Contains antioxidants that neutralize free radicals, protecting the skin from environmental damage and premature aging.
- Assists in soothing and calming irritated or sensitive skin, reducing redness and promoting skin comfort.","[' ', 'Related Allergy']",,
Snow Mushroom Extract,,"Snow mushroom extract offers benefits such as:
- Provides intense hydration to the skin, helping to improve moisture retention and promote a plumper and more supple complexion.
- Has film-forming properties, creating a protective barrier on the skin's surface to prevent moisture loss and maintain skin hydration.
- Can help soothe and calm irritated or sensitive skin, making it beneficial for individuals with dry or reactive skin.
- Supports overall skin health and radiance, contributing to a smoother and more luminous complexion.","[' ', 'Related Allergy']",,
Prebiotics,,"Prebiotics offer benefits such as:
- Help maintain a balanced and healthy skin microbiome by promoting the growth of beneficial bacteria.
- Support the skin's natural defenses against harmful microorganisms, contributing to overall skin health.
- Enhance the skin's barrier function, reducing moisture loss and improving hydration.
- Can have a calming effect on the skin, helping to soothe and alleviate inflammation and irritation.","[' ', 'Related Allergy']",,
Shea Butter,,"Shea butter offers benefits such as:
- Provides deep and long-lasting moisture to the skin, helping to improve skin hydration and maintain a soft and supple complexion.
- Acts as an effective emollient, forming a protective barrier on the skin's surface to prevent moisture loss and promote a smooth and silky feel.
- Nourishes and soothes the skin, making it beneficial for individuals with dry, sensitive, or irritated skin.","[' ', 'Related Allergy', ' ', 'Combination', ' ', 'Oily']",,
Sesame Seed Oil,,"Sesame oil offers benefits such as:
- Provides deep moisturization to the skin, helping to improve skin hydration and maintain a soft and supple complexion.
- Offers antioxidant protection, helping to neutralize free radicals and defend the skin from environmental stressors.
- Nourishes the skin with essential nutrients, promoting overall skin health and radiance.
- Can help soothe and calm irritated or inflamed skin, making it beneficial for individuals with sensitive or dry skin.","[' ', 'Related Allergy']",,
Silk Protein,,"Silk protein offers benefits such as:
- Provides moisture to the skin, helping to improve hydration and maintain a soft and smooth complexion.
- Acts as a film-forming agent, creating a protective barrier on the skin's surface to help lock in moisture and leave the skin feeling silky and smooth.
- Can help improve the appearance of skin texture, promoting a more refined and even complexion.","[' ', 'Related Allergy', ' ', 'Vegan']",,
Sh-Oligopeptide,,"Additional research shows oligopeptide can have a positive impact on sensitive skin, helping target and improve factors that lead to visible redness.","[' ', 'Related Allergy']",,
Serine,,Helps support the skin barrier and protect against external aggressors. It's great for Dehydrated skin and helping to skin feel smooth and supple.,"[' ', 'Related Allergy']",,
Sea Buckthorn Water,,"Sea buckthorn water offers benefits such as:
- Provides lightweight hydration to the skin, helping to improve moisture retention and maintain skin suppleness.
- Offers antioxidant protection, helping to neutralize free radicals and defend the skin from environmental stressors.
- Nourishes the skin with essential vitamins, promoting a healthy and radiant complexion.","[' ', 'Related Allergy']",,
Saskatoon Berry,,"Saskatoon berry offers benefits such as:
- Provides antioxidant protection, helping to neutralize free radicals and defend the skin from environmental stressors.
- Nourishes the skin with essential vitamins and nutrients, promoting a healthy and radiant complexion.
- Can help improve the appearance of skin tone and texture, contributing to a smoother and more even skin surface.","[' ', 'Related Allergy']",,
Salicylic Acid,,"Salicylic acid offers benefits such as:
- Exfoliates the skin's surface, promoting the removal of dead skin cells and debris, resulting in a smoother and more even complexion.
- Penetrates deep into pores, helping to unclog and dissolve sebum and debris, making it effective for addressing and preventing acne.
- Can help reduce the appearance of blackheads and whiteheads.
- May have anti-inflammatory properties, contributing to the reduction of redness and swelling associated with acne.","[' ', 'Related Allergy', ' ', 'Pregnancy', ' ', 'Sensitive', ' ', 'Dry Dehydrated', ' ', 'Impaired skin barrier']",,
Rosemary Leaf Extract,,"Rosemary leaf extract offers benefits such as:
- Provides antioxidant protection, helping to neutralize free radicals and defend the skin against environmental stressors.
- Assists in reducing skin inflammation, making it beneficial for individuals with sensitive or irritated skin.
- Has soothing properties, helping to calm redness and promote skin comfort.","[' ', 'Related Allergy']",,
Safflower Seed Oil,,"Safflower seed oil offers benefits such as:
- Provides lightweight and non-greasy moisture to the skin, helping to improve hydration and maintain skin barrier function.
- Has soothing properties, making it beneficial for individuals with dry, sensitive, or irritated skin.
- Helps nourish and protect the skin, promoting a smoother and more supple complexion.","[' ', 'Related Allergy', ' ', 'Oily']",,
Saccharomyces Cerevisiae (Yeast) Extract,,"Prebiotics offer benefits such as:
- Help maintain a balanced and healthy skin microbiome by promoting the growth of beneficial bacteria.
- Support the skin's natural defenses against harmful microorganisms, contributing to overall skin health.
- Enhance the skin's barrier function, reducing moisture loss and improving hydration.
- Can have a calming effect on the skin, helping to soothe and alleviate inflammation and irritation.","[' ', 'Related Allergy']",,
Sacred Lotus Flower Extract,,"Sacred lotus flower extract offers benefits such as:
- Provides deep hydration to the skin, helping to improve moisture retention and maintain skin suppleness.
- Offers antioxidant protection, helping to neutralize free radicals and defend the skin from environmental stressors.
- Assists in reducing the appearance of fine lines and wrinkles, contributing to a plumper, smoother and more youthful complexion.
- Can help reduce the appearance of dark spots and promote a more even complexion.","[' ', 'Related Allergy']",,
Tasmanian Pepperberry Extract,,"Tasmanian pepperberry extract offers benefits such as:
- Provides soothing properties, making it beneficial for individuals with sensitive or irritated skin.
- Acts as a potent antioxidant, helping to neutralize free radicals and protect the skin from environmental stressors.
- Can help reduce skin redness and inflammation, contributing to a calmer and more balanced complexion.","[' ', 'Related Allergy']",,
Tartaric Acid,,"Tartaric acid offers benefits such as:
- Acts as an exfoliant, helping to remove dead skin cells and promote skin cell turnover, resulting in a smoother and more even complexion.
- Can help improve the appearance of dark spots, hyperpigmentation, and dull skin, contributing to a brighter and more radiant complexion.
- Assists in enhancing the absorption of other skincare ingredients, making it beneficial for improving the effectiveness of other products in your skincare routine.
- Supports overall skin health by promoting a refreshed and rejuvenated appearance.","[' ', 'Related Allergy', ' ', 'Impaired skin barrier']",,
Rhamnose,,"Prebiotics offer benefits such as:
- Help maintain a balanced and healthy skin microbiome by promoting the growth of beneficial bacteria.
- Support the skin's natural defenses against harmful microorganisms, contributing to overall skin health.
- Enhance the skin's barrier function, reducing moisture loss and improving hydration.
- Can have a calming effect on the skin, helping to soothe and alleviate inflammation and irritation.","[' ', 'Related Allergy']",,
Sweet Almond Oil,,"Sweet almond oil offers benefits such as:
- Provides lightweight and non-greasy moisture to the skin, helping to improve skin hydration and maintain a soft and supple complexion.
- Acts as an emollient, forming a protective barrier on the skin's surface to prevent moisture loss and promote a smooth and silky feel.
- Can help soothe and calm irritated or sensitive skin, making it beneficial for individuals with dry or reactive skin.
- Assists in improving skin texture and promoting a more even and radiant complexion.","[' ', 'Related Allergy', ' ', 'Oily']",,
Symsitive,,"Symsitive offers benefits such as:
- Provides instant relief to sensitive skin, helping to reduce skin reactions and discomfort caused by external factors.
- Calms the skin's sensory receptors, making it beneficial for individuals with reactive or easily irritated skin.
- Can help improve the skin's tolerance to environmental stressors, such as temperature changes and pollution.
- Supports overall skin health and well-being, contributing to a more comfortable and balanced complexion.","[' ', 'Related Allergy']",,
Sugar Cane Extract,,"Sugarcane extract offers benefits such as:
- Acts as an exfoliant, helping to remove dead skin cells and unclog pores, resulting in a smoother and more even complexion.
- Provides gentle and effective exfoliation, making it suitable for individuals with sensitive skin.
- Offers moisturizing properties, helping to improve skin hydration and maintain a soft and supple complexion.
- Can help improve the appearance of skin tone and texture, contributing to a brighter and more radiant complexion.","[' ', 'Related Allergy']",,
Superoxide Dismutase,,"Superoxide dismutase offers benefits such as:
- Provides antioxidant protection, helping to neutralize free radicals and defend the skin from environmental stressors, such as UV rays and pollution.
- Supports the skin's natural defense mechanisms, helping to prevent and reduce signs of aging, such as fine lines and wrinkles.
- Can help soothe and calm irritated skin, making it beneficial for individuals with sensitive or reactive skin.
- Assists in promoting a more youthful and radiant complexion by combating oxidative stress and promoting overall skin health.","[' ', 'Related Allergy']",,
Sunflower Oil,,"Sunflower oil offers benefits such as:
- Provides lightweight and non-greasy moisture to the skin, helping to improve skin hydration and maintain a soft and supple complexion.
- Offers emollient properties, creating a protective barrier on the skin's surface to prevent moisture loss and promote a smooth and silky feel.
- Can help soothe and calm irritated or sensitive skin, making it beneficial for individuals with dry or reactive skin.
- Assists in improving skin texture and promoting a more even and radiant complexion.","[' ', 'Related Allergy', ' ', 'Oily']",,
Spent Grain Wax,,"Spent grain wax offers benefits such as:
- Acts as an effective emollient, forming a protective barrier on the skin's surface to lock in moisture and promote a smooth and soft feel.
- Provides long-lasting hydration to the skin, helping to improve skin moisture retention and maintain a well-hydrated complexion.
- Can help condition the skin, making it beneficial for individuals with dry or rough skin.
- Assists in improving skin texture and promoting a more supple and comfortable feel.","[' ', 'Related Allergy']",,
Sulfur,,"Sulfur offers benefits such as:
- Exhibits potential anti-inflammatory effects, helping to soothe and calm skin conditions such as acne and rosacea.
- Possesses antimicrobial properties, assisting in fighting bacteria and fungi on the skin's surface.
- May regulate excess oil production, making it beneficial for individuals with oily or acne-prone skin.","[' ', 'Related Allergy']",,
Squalane,,"Squalane offers benefits such as:
- Acts as a highly effective emollient, providing immediate and long-lasting hydration to the skin, helping to improve moisture retention and maintain a soft and supple complexion.
- Forms a protective barrier on the skin's surface, preventing moisture loss and protecting the skin from environmental stressors.
- Can help balance oil production, making it beneficial for individuals with oily or acne-prone skin.","[' ', 'Related Allergy']",,
Urea,,"Urea offers benefits such as:
- Acts as an effective moisturizer, helping to hydrate and soften the skin by attracting and retaining water.
- Assists in exfoliation, as it can help to loosen and slough off dead skin cells, promoting a smoother and more refined skin texture.
- Can improve the overall barrier function of the skin, supporting a stronger and healthier skin barrier.
- Helps to alleviate dry and rough skin conditions, making it beneficial for individuals with dry or dehydrated skin.","[' ', 'Related Allergy']",,
Sodium Lactate,,"NMFs offer benefits such as:
- Provide essential hydration to the skin, attracting and retaining moisture from the environment.
- Help maintain the skin's barrier function, preventing excessive water loss and protecting against external irritants.
- Contribute to the suppleness and smoothness of the skin's surface.
- Play a vital role in the overall health and appearance of the skin.","[' ', 'Related Allergy']",,
Turmeric Root Extract,,"Turmeric root extract offers benefits such as:
- Acts as a potent antioxidant, helping to neutralize free radicals and protect the skin from environmental stressors that can lead to premature aging.
- Can help soothe and calm irritated or inflamed skin, making it beneficial for individuals with sensitive or reactive skin.
- Assists in brightening the skin, promoting a more even and radiant complexion.
- Can improve the overall appearance of skin texture, making it beneficial for individuals with concerns about skin roughness or uneven tone.","[' ', 'Related Allergy']",,
Valine,,Helps support the skin barrier and protect against external aggressors. It's great for Dehydrated skin and helping to skin feel smooth and supple.,"[' ', 'Related Allergy']",,
Trehalose,,"NMFs offer benefits such as:
- Provide essential hydration to the skin, attracting and retaining moisture from the environment.
- Help maintain the skin's barrier function, preventing excessive water loss and protecting against external irritants.
- Contribute to the suppleness and smoothness of the skin's surface.
- Play a vital role in the overall health and appearance of the skin.","[' ', 'Related Allergy']",,
Tripleurospermum Maritimum Extract,,Helps to moisturise the skin with some benefits including the treatment of wrinkles and fine lines.,"[' ', 'Related Allergy']",,
Triazine Diethyl Butamidotriazone,,"As with other synthetic UV filters, it works by absorbing UV light in the outer layers of the epidermis, then converting it into heat (to neutralise the energy which can lead to cell damage), and scattering it away from the body.","[' ', 'Pregnancy', ' ', 'Sensitive']",,
Thiamidol,,"Thiamidol offers benefits such as:
- Targets and inhibits melanin production in the skin, helping to reduce the appearance of dark spots and hyperpigmentation.
- Assists in preventing the formation of new dark spots, making it beneficial for individuals with concerns about sun damage and uneven skin tone.
- Can improve the overall clarity and brightness of the skin, promoting a more even and radiant complexion.
- Supports a more uniform and balanced skin tone, contributing to a youthful and healthy-looking appearance.","[' ', 'Related Allergy']",,
Tranexamic Acid,,"Tranexamic acid offers benefits such as:
- Targets and inhibits excess melanin production in the skin, making it effective in reducing the appearance of dark spots and hyperpigmentation.
- Can help improve the overall evenness and clarity of the skin, promoting a more uniform complexion.
- Assists in preventing the formation of new dark spots, making it beneficial for individuals with concerns about sun-induced discolorations or post-inflammatory hyperpigmentation.
- Supports a more balanced and radiant skin tone, contributing to a youthful and healthy-looking appearance.","[' ', 'Related Allergy']",,
Tomato Stem Cells,,"Tomato stem cells offer benefits such as:
- Provides antioxidant protection, helping to neutralize free radicals and defend the skin from environmental stressors that can lead to premature aging.
- Supports the skin's natural repair processes, contributing to a more resilient and rejuvenated complexion.
- Can help improve the overall firmness and elasticity of the skin, promoting a more youthful and toned appearance.
- Assists in protecting the skin from oxidative stress and damage caused by UV rays and pollution.","[' ', 'Related Allergy']",,
Teprenone,,"Teprenone offers benefits such as:
- Supports the skin's natural defense mechanisms against environmental stressors, such as UV rays and pollution.
- Can help improve the skin's moisture retention and barrier function, promoting a well-hydrated and healthier-looking complexion.
- May help improve the overall texture and firmness of the skin, supporting a smoother and more supple complexion.","[' ', 'Related Allergy']",,
Threonine,,Helps support the skin barrier and protect against external aggressors. It's great for Dehydrated skin and helping to skin feel smooth and supple.,"[' ', 'Related Allergy']",,
Zinc Gluconate,,"Zinc salts such as zinc gluconate, zinc PCA and zinc sulphate are used for their anti-inflammatory and sebum regulating properties.","[' ', 'Related Allergy']",,
Tetrahexyldecyl Ascorbate,,Tetrahexyldecyl ascorbate not only reduces dark marks and skin discolorations but also brightens and evens your facial skin tone.,"[' ', 'Related Allergy', ' ', 'Impaired skin barrier']",,
Zinc,,"Zinc offers benefits such as:
- Assists in soothing and calming irritated skin: Zinc has anti-inflammatory properties that can help alleviate redness and irritation.
- Supports wound healing: Zinc is involved in the production of collagen, which is essential for skin repair and wound healing.
- Helps regulate sebum production: Zinc gluconate can help control excess oil production, making it beneficial for individuals with oily or acne-prone skin.","[' ', 'Related Allergy']",,
Yerba Mate Extract,,"Yerba mate extract offers benefits such as:
- Acts as an antioxidant, helping to neutralize free radicals and protect the skin from environmental stressors that can lead to premature aging.
- Assists in soothing and calming the skin, making it beneficial for individuals with sensitive or irritated skin.
- Can help improve the appearance of tired or dull skin, promoting a more vibrant and energized complexion.","[' ', 'Related Allergy']",,
Yeast Amino Acids,,"Helps to maintain firm, youthful skin through promoting collagen production and moisturising the skin. ","[' ', 'Related Allergy']",,
Willow Herb Extract,,"Willow herb extract offers benefits such as:
- Acts as an anti-inflammatory, helping to calm and soothe irritated or sensitive skin, making it beneficial for individuals with skin conditions like redness or rosacea.
- Provides antioxidant benefits, helping to neutralize free radicals and protect the skin from environmental stressors that can lead to premature aging.","[' ', 'Related Allergy']",,
Willow Bark Extract,,"Willow bark extract offers benefits such as:
- Acts as a gentle exfoliant, helping to remove dead skin cells and unclog pores, making it beneficial for individuals with acne-prone or congested skin.
- Assists in soothing and calming the skin, making it beneficial for individuals with sensitive or irritated skin.
- Can help reduce the appearance of redness and inflammation associated with acne or other skin conditions.
- Supports the skin's natural renewal process, contributing to a smoother and more refined skin texture.","[' ', 'Related Allergy', ' ', 'Dry Dehydrated', ' ', 'Impaired skin barrier']",,
Wild Cherry Extract,,"Wild cherry extract offers benefits such as:
- Acts as an antioxidant, helping to neutralize free radicals and protect the skin from environmental stressors that can lead to premature aging.
- Assists in soothing and calming the skin, making it beneficial for individuals with sensitive or irritated skin.","[' ', 'Related Allergy']",,
White Tea,,"White tea offers benefits such as:
- Acts as a potent antioxidant, helping to neutralize free radicals and protect the skin from environmental stressors that can lead to premature aging.
- Assists in soothing and calming the skin, making it beneficial for individuals with sensitive or irritated skin.
- Can improve the overall appearance of the skin, promoting a more radiant and rejuvenated complexion.","[' ', 'Related Allergy']",,
Vitamin K1,,"Vitamin K1 offers benefits such as:
- Supports the skin's natural healing processes, making it beneficial for individuals with post-procedure redness or bruises.
- Can help reduce the appearance of dark circles under the eyes, particularly those caused by blood vessels close to the skin's surface.
- Provides antioxidant benefits, helping to protect the skin from oxidative stress and environmental damage.","[' ', 'Related Allergy']",,
Vitamin E,,"Vitamin E offers benefits such as:
- Acts as a powerful antioxidant, helping to neutralize free radicals and protect the skin from environmental damage, such as UV rays and pollution.
- Supports the skin's natural repair processes, promoting a healthier and more resilient complexion.
- Assists in maintaining the skin's moisture balance, helping to prevent water loss and keep the skin well-hydrated.
- Can improve skin texture and elasticity, contributing to a smoother and more youthful appearance.","[' ', 'Related Allergy']",,
Vitamin C,,"Vitamin C promotes Collagen synthesis, so can help make the skin firmer. It also helps with hyperpigmentation, dark spots, and uneven skin tone as well as preventing damage from the sun by neutralising free radicals.","[' ', 'Related Allergy', ' ', 'Sensitive', ' ', 'Dry Dehydrated', ' ', 'Impaired skin barrier']",,
Vitamin B5,,"Vitamin B5 offers benefits such as:
- Acts as an effective humectant, attracting and retaining moisture in the skin, helping to keep it well-hydrated and plump.
- Can improve skin barrier function, supporting a healthier and stronger skin barrier that helps protect against external aggressors.
- Assists in soothing and calming irritated or inflamed skin, making it beneficial for individuals with sensitive or reactive skin.
- Promotes skin repair and regeneration, contributing to a more revitalized and rejuvenated complexion.","[' ', 'Related Allergy']",,
Vitamin A,,"This ingredient is an antioxidant that stimulates collagen production, treating fine lines, wrinkles and a reduction of elasticity in the skin which can naturally come with aging.  It exfoliates the skin, unclogging  pores, helping treat acne and blemishes and improving the overall appearance of the skin making it smooth and supple. ","[' ', 'Pregnancy', ' ', 'Sensitive', ' ', 'Impaired skin barrier']",,
Vibrio Alginolyticus Ferment Filtrate,,Helps to moisturise the skin with some benefits including the treatment of wrinkles and fine lines.,"[' ', 'Related Allergy']",,
Tea Tree Oil,,"Tea tree oil offers benefits such as:
- Acts as a natural antibacterial agent, helping to combat acne-causing bacteria and prevent breakouts.
- Can help soothe and calm irritated or inflamed skin, making it beneficial for individuals with acne-prone or sensitive skin.
- Provides antifungal properties, which can be useful in addressing certain fungal skin infections.
- Assists in reducing redness and swelling associated with skin conditions, such as acne and minor skin irritations.","[' ', 'Related Allergy']",,
Zinc Sulfate,,"Zinc salts such as zinc gluconate, zinc PCA and zinc sulphate are used for their anti-inflammatory and sebum regulating properties.","[' ', 'Related Allergy']",,
Zinc PCA,,"Zinc salts such as zinc gluconate, zinc PCA and zinc sulphate are used for their anti-inflammatory and sebum regulating properties.","[' ', 'Related Allergy']",,
Neoglucosamine,,"Neoglucosamine offers benefits such as:
- Supports the skin's natural production of hyaluronic acid, contributing to increased hydration and improved skin elasticity.
- Enhances the overall skin barrier function, promoting a healthier and smoother complexion.","[' ', 'Related Allergy', ' ', 'Impaired skin barrier']",,
Taurine,,Helps support the skin barrier and protect against external aggressors. It's great for Dehydrated skin and helping to skin feel smooth and supple.,"[' ', 'Related Allergy']",,
Sodium Ascorbyl Phosphate,,"Sodium ascorbyl phosphate helps brighten the skin, even tone, increases collagen products, fights free radicals, and has antimicrobial benefits.","[' ', 'Related Allergy', ' ', 'Impaired skin barrier']",,
